date,name,price,unit,source
2026-09-22,palladium,1287.0,USD per Troy Ounce,Markets Insider
2026-09-22,platinum,1789.5,USD per Troy Ounce,Markets Insider
2026-09-22,heating oil,126.8,USD per 100 Liter,Markets Insider
2026-09-22,coal,137.1,per Ton,Markets Insider
2026-09-22,rbob gasoline,3.45,per Gallone,Markets Insider
2026-09-22,oil (brent),98.76,USD per Barrel,Markets Insider
2026-09-22,oil (wti),90.15,USD per Barrel,Markets Insider
2026-09-22,cotton,0.79,USc per lb.,Markets Insider
2026-09-22,oats,4.03,USc per Bushel,Markets Insider
2026-09-22,lumber,534.5,per 1.000 board feet,Markets Insider
2026-09-22,coffee,2.75,USc per lb.,Markets Insider
2026-09-22,cocoa,3866.0,GBP per Ton,Markets Insider
2026-09-22,live cattle,2.21,USD per lb.,Markets Insider
2026-09-22,lean hog,0.78,USc per lb.,Markets Insider
2026-09-22,corn,5.39,USc per Bushel,Markets Insider
2026-09-22,feeder cattle,3.37,USc per lb.,Markets Insider
2026-09-22,milk,16.13,USD per cwt.sh.,Markets Insider
2026-09-22,orange juice,1.49,USc per lb.,Markets Insider
2026-09-22,palm oil,4689.0,Ringgit per Ton,Markets Insider
2026-09-22,rapeseed,555.25,EUR per Ton,Markets Insider
2026-09-22,rice,16.03,per cwt.,Markets Insider
2026-09-22,soybean meal,364.3,USD per Ton,Markets Insider
2026-09-22,soybeans,13.21,USc per Bushel,Markets Insider
2026-09-22,soybean oil,0.68,USD per lb.,Markets Insider
2026-09-22,wheat,244.0,USc per Ton,Markets Insider
2026-09-22,sugar,0.17,USc per lb.,Markets Insider
2026-09-24,gold,118270.0,EUR/kg,London fix via Westmetall
2026-09-24,silver,1771.1,EUR/kg,London fix via Westmetall
2026-09-24,palladium,1270.5,USD per Troy Ounce,Markets Insider
2026-09-24,platinum,1745.5,USD per Troy Ounce,Markets Insider
2026-09-24,natural gas (henry hub),3.31,USD per MMBtu,Markets Insider
2026-09-24,heating oil,128.65,USD per 100 Liter,Markets Insider
2026-09-24,coal,138.0,per Ton,Markets Insider
2026-09-24,rbob gasoline,3.64,per Gallone,Markets Insider
2026-09-24,oil (brent),107.01,USD per Barrel,Markets Insider
2026-09-24,oil (wti),95.53,USD per Barrel,Markets Insider
2026-09-24,cotton,0.79,USc per lb.,Markets Insider
2026-09-24,oats,4.22,USc per Bushel,Markets Insider
2026-09-24,lumber,536.5,per 1.000 board feet,Markets Insider
2026-09-24,coffee,2.75,USc per lb.,Markets Insider
2026-09-24,cocoa,4183.0,GBP per Ton,Markets Insider
2026-09-24,live cattle,2.2,USD per lb.,Markets Insider
2026-09-24,lean hog,0.79,USc per lb.,Markets Insider
2026-09-24,corn,5.28,USc per Bushel,Markets Insider
2026-09-24,feeder cattle,3.38,USc per lb.,Markets Insider
2026-09-24,milk,16.12,USD per cwt.sh.,Markets Insider
2026-09-24,orange juice,1.51,USc per lb.,Markets Insider
2026-09-24,palm oil,4556.0,Ringgit per Ton,Markets Insider
2026-09-24,rapeseed,555.5,EUR per Ton,Markets Insider
2026-09-24,rice,16.58,per cwt.,Markets Insider
2026-09-24,soybean meal,375.0,USD per Ton,Markets Insider
2026-09-24,soybeans,13.16,USc per Bushel,Markets Insider
2026-09-24,soybean oil,0.67,USD per lb.,Markets Insider
2026-09-24,wheat,240.75,USc per Ton,Markets Insider
2026-09-24,sugar,0.18,USc per lb.,Markets Insider
2026-09-25,gold,119090.0,EUR/kg,London fix via Westmetall
2026-09-25,silver,1805.5,EUR/kg,London fix via Westmetall
2026-09-25,palladium,1249.5,USD per Troy Ounce,Markets Insider
2026-09-25,platinum,1746.0,USD per Troy Ounce,Markets Insider
2026-09-25,natural gas (henry hub),3.13,USD per MMBtu,Markets Insider
2026-09-25,heating oil,124.69,USD per 100 Liter,Markets Insider
2026-09-25,coal,136.0,per Ton,Markets Insider
2026-09-25,rbob gasoline,3.44,per Gallone,Markets Insider
2026-09-25,oil (brent),105.8,USD per Barrel,Markets Insider
2026-09-25,oil (wti),93.39,USD per Barrel,Markets Insider
2026-09-25,cotton,0.8,USc per lb.,Markets Insider
2026-09-25,oats,4.14,USc per Bushel,Markets Insider
2026-09-25,lumber,531.5,per 1.000 board feet,Markets Insider
2026-09-25,coffee,2.79,USc per lb.,Markets Insider
2026-09-25,cocoa,4103.0,GBP per Ton,Markets Insider
2026-09-25,live cattle,2.18,USD per lb.,Markets Insider
2026-09-25,lean hog,0.79,USc per lb.,Markets Insider
2026-09-25,corn,5.18,USc per Bushel,Markets Insider
2026-09-25,feeder cattle,3.34,USc per lb.,Markets Insider
2026-09-25,milk,16.13,USD per cwt.sh.,Markets Insider
2026-09-25,orange juice,1.5,USc per lb.,Markets Insider
2026-09-25,palm oil,4475.0,Ringgit per Ton,Markets Insider
2026-09-25,rapeseed,551.0,EUR per Ton,Markets Insider
2026-09-25,rice,16.46,per cwt.,Markets Insider
2026-09-25,soybean meal,370.1,USD per Ton,Markets Insider
2026-09-25,soybeans,13.0,USc per Bushel,Markets Insider
2026-09-25,soybean oil,0.66,USD per lb.,Markets Insider
2026-09-25,wheat,238.25,USc per Ton,Markets Insider
2026-09-25,sugar,0.18,USc per lb.,Markets Insider
2026-09-28,natural gas (henry hub),3.16,USD per MMBtu,Markets Insider
2026-09-28,heating oil,124.43,USD per 100 Liter,Markets Insider
2026-09-28,coal,137.95,per Ton,Markets Insider
2026-09-28,rbob gasoline,3.35,per Gallone,Markets Insider
2026-09-28,oil (brent),104.32,USD per Barrel,Markets Insider
2026-09-28,cotton,0.79,USc per lb.,Markets Insider
2026-09-28,oats,4.13,USc per Bushel,Markets Insider
2026-09-28,lumber,531.0,per 1.000 board feet,Markets Insider
2026-09-28,coffee,2.79,USc per lb.,Markets Insider
2026-09-28,cocoa,4205.0,GBP per Ton,Markets Insider
2026-09-28,live cattle,2.18,USD per lb.,Markets Insider
2026-09-28,lean hog,0.78,USc per lb.,Markets Insider
2026-09-28,corn,5.29,USc per Bushel,Markets Insider
2026-09-28,feeder cattle,3.31,USc per lb.,Markets Insider
2026-09-28,orange juice,1.51,USc per lb.,Markets Insider
2026-09-28,palm oil,4474.0,Ringgit per Ton,Markets Insider
2026-09-28,rapeseed,551.0,EUR per Ton,Markets Insider
2026-09-28,rice,16.62,per cwt.,Markets Insider
2026-09-28,soybean meal,385.0,USD per Ton,Markets Insider
2026-09-28,soybeans,13.2,USc per Bushel,Markets Insider
2026-09-28,soybean oil,0.69,USD per lb.,Markets Insider
2026-09-28,wheat,238.25,USc per Ton,Markets Insider
2026-09-28,sugar,0.18,USc per lb.,Markets Insider
2026-09-28,palladium,1234.0,USD per Troy Ounce,Markets Insider
2026-09-28,platinum,1744.5,USD per Troy Ounce,Markets Insider
2026-09-28,oil (wti),93.48,USD per Barrel,Markets Insider
2026-09-28,milk,16.13,USD per cwt.sh.,Markets Insider
2026-09-29,palladium,1218.0,USD per Troy Ounce,Markets Insider
2026-09-29,platinum,1730.0,USD per Troy Ounce,Markets Insider
2026-09-29,natural gas (henry hub),3.0,USD per MMBtu,Markets Insider
2026-09-29,heating oil,126.54,USD per 100 Liter,Markets Insider
2026-09-29,coal,138.0,per Ton,Markets Insider
2026-09-29,rbob gasoline,3.34,per Gallone,Markets Insider
2026-09-29,oil (brent),105.53,USD per Barrel,Markets Insider
2026-09-29,oil (wti),93.03,USD per Barrel,Markets Insider
2026-09-29,cotton,0.79,USc per lb.,Markets Insider
2026-09-29,oats,4.21,USc per Bushel,Markets Insider
2026-09-29,lumber,532.0,per 1.000 board feet,Markets Insider
2026-09-29,coffee,2.89,USc per lb.,Markets Insider
2026-09-29,cocoa,4175.0,GBP per Ton,Markets Insider
2026-09-29,live cattle,2.18,USD per lb.,Markets Insider
2026-09-29,lean hog,0.78,USc per lb.,Markets Insider
2026-09-29,corn,5.22,USc per Bushel,Markets Insider
2026-09-29,feeder cattle,3.32,USc per lb.,Markets Insider
2026-09-29,milk,16.11,USD per cwt.sh.,Markets Insider
2026-09-29,orange juice,1.49,USc per lb.,Markets Insider
2026-09-29,palm oil,4466.0,Ringgit per Ton,Markets Insider
2026-09-29,rapeseed,548.25,EUR per Ton,Markets Insider
2026-09-29,rice,16.46,per cwt.,Markets Insider
2026-09-29,soybean meal,361.4,USD per Ton,Markets Insider
2026-09-29,soybeans,12.88,USc per Bushel,Markets Insider
2026-09-29,soybean oil,0.67,USD per lb.,Markets Insider
2026-09-29,wheat,237.25,USc per Ton,Markets Insider
2026-09-29,sugar,0.17,USc per lb.,Markets Insider
2026-09-30,palladium,1215.0,USD per Troy Ounce,Markets Insider
2026-09-30,platinum,1716.0,USD per Troy Ounce,Markets Insider
2026-09-30,natural gas (henry hub),3.01,USD per MMBtu,Markets Insider
2026-09-30,heating oil,139.48,USD per 100 Liter,Markets Insider
2026-09-30,coal,141.0,per Ton,Markets Insider
2026-09-30,rbob gasoline,3.36,per Gallone,Markets Insider
2026-09-30,oil (brent),103.44,USD per Barrel,Markets Insider
2026-09-30,oil (wti),91.2,USD per Barrel,Markets Insider
2026-09-30,cotton,0.75,USc per lb.,Markets Insider
2026-09-30,oats,4.24,USc per Bushel,Markets Insider
2026-09-30,coffee,2.93,USc per lb.,Markets Insider
2026-09-30,cocoa,3958.0,GBP per Ton,Markets Insider
2026-09-30,lean hog,0.8,USc per lb.,Markets Insider
2026-09-30,corn,5.25,USc per Bushel,Markets Insider
2026-09-30,feeder cattle,3.31,USc per lb.,Markets Insider
2026-09-30,milk,14.86,USD per cwt.sh.,Markets Insider
2026-09-30,orange juice,1.58,USc per lb.,Markets Insider
2026-09-30,palm oil,4424.0,Ringgit per Ton,Markets Insider
2026-09-30,rapeseed,546.75,EUR per Ton,Markets Insider
2026-09-30,rice,16.38,per cwt.,Markets Insider
2026-09-30,soybean meal,363.7,USD per Ton,Markets Insider
2026-09-30,soybeans,13.05,USc per Bushel,Markets Insider
2026-09-30,soybean oil,0.68,USD per lb.,Markets Insider
2026-09-30,wheat,236.75,USc per Ton,Markets Insider
2026-09-30,sugar,0.18,USc per lb.,Markets Insider
