Symbol,Company,Delisted Date,Type of Delisting,,,,,
CABOTINDIA,Cabot India Ltd,15-Apr-02,Voluntary Delisting ,,,,,
TOLANIBULK,Tolani Bulk Carriers Ltd,15-Apr-02,Voluntary Delisting ,,,,,
HOGANAS,Hoganas India Ltd,07-Aug-02,Voluntary Delisting ,,,,,
ANIKSHIP,Anik Ship Breaking Industries Ltd.,26-Jul-04,Compulsory Delisting ,,,,,
INFARINDIA,Infar (India) Ltd.,11-Oct-02,Voluntary Delisting ,,,,,
CADBURY,Cadbury India Limited,07-Feb-03,Voluntary Delisting ,,,,,
BHARATPIPE,Bharat Pipes and Fittings Ltd,26-Jul-04,Compulsory Delisting ,,,,,
SRIVISHCEM,Sri Vishnu Cement Ltd,10-Mar-03,Voluntary Delisting ,,,,,
MADURACOAT,Madura Coats Limited,25-Apr-03,Voluntary Delisting ,,,,,
RECKCOLMAN,Reckitt Benckiser (India) Ltd,12-May-03,Voluntary Delisting ,,,,,
BHARATHOT,Bharat Hotels Limited,17-Jun-03,Voluntary Delisting ,,,,,
OTIS,OTIS Elevator Company Ltd,17-Jun-03,Voluntary Delisting ,,,,,
INVELTRANS,GKN Driveshafts (India) Limited,29-Jul-03,Voluntary Delisting ,,,,,
INDAL,Indian Aluminium Co. Ltd.,08-Apr-04,Voluntary Delisting ,,,,,
CRBCAPS,CRB Capital Markets Ltd,26-Jul-04,Compulsory Delisting ,,,,,
CRBCORP,CRB Corporation Ltd,26-Jul-04,Compulsory Delisting ,,,,,
DIGITALEQP,Digital GlobalSoft Ltd.,15-Apr-04,Voluntary Delisting ,,,,,
E-SERVEINT,e-Serve International Limited,22-Dec-04,Voluntary Delisting ,,,,,
INDGYPSUM,India Gypsum Ltd,12-Jan-05,Voluntary Delisting ,,,,,
HINDSPG,Hindoostan Spinning and Weaving Mills Ltd,05-Apr-05,Voluntary Delisting ,,,,,
GFL,Godrej Foods Limited,19-Apr-05,Voluntary Delisting ,,,,,
ABGHEAVY,ABG Heavy Industries Ltd,21-Jul-05,Voluntary Delisting ,,,,,
WIMCOLTD,Wimco Limited,14-Dec-05,Voluntary Delisting ,,,,,
POLYCHEM,Polychem Ltd,27-Dec-05,Voluntary Delisting ,,,,,
GRMAGNET,GR Magnets Ltd.,26-Jul-04,Compulsory Delisting ,,,,,
DATTMEDI,Datt Mediproducts Limited,23-Jan-06,Voluntary Delisting ,,,,,
FSS,Flextronics Software Systems Limited,10-Feb-06,Voluntary Delisting ,,,,,
INTEGENT,Integrated Enterprises (India) Limited,29-May-06,Voluntary Delisting ,,,,,
ADITYAINTL,Aditya International Ltd.,12-Feb-07,Voluntary Delisting ,,,,,
EICHER,Eicher Limited,13-Mar-07,Voluntary Delisting ,,,,,
YOKOGAWA,Yokogawa India Limited,10-May-07,Voluntary Delisting ,,,,,
WARTSILA,Wartsila India Ltd,19-Jun-07,Voluntary Delisting ,,,,,
OENCONNECT,FCI OEN Connectors Limited,17-Sep-07,Voluntary Delisting ,,,,,
PAVCI,Panasonic AVC Networks India Co. Limited.,14-Dec-07,Voluntary Delisting ,,,,,
KAMALOVER,Kamal Overseas Ltd.,26-Jul-04,Compulsory Delisting ,,,,,
KEDIADIST,Kedia Distilleries Ltd.,26-Jul-04,Compulsory Delisting ,,,,,
ESTL,Essar Steel Limited,24-Dec-07,Voluntary Delisting ,,,,,
IGS,iGate Global Solutions Limited,04-Feb-08,Voluntary Delisting ,,,,,
BOSCHCHASY,Bosch Chassis Systems India Ltd.,07-Nov-08,Voluntary Delisting ,,,,,
MARUTIORGN,Maruti Organics Limited,26-Jul-04,Compulsory Delisting ,,,,,
PENTACOMMU,Pentasoft Technologies Limited,09-Jan-09,Voluntary Delisting ,,,,,
PENTSFWARE,Pentamedia Graphics Limited,09-Jan-09,Voluntary Delisting ,,,,,
MRINALDYE,Mrinal Dyeing & Manufacturing Co. Ltd,26-Jul-04,Compulsory Delisting ,,,,,
MALCO,The Madras Aluminium Co Ltd,19-Jun-09,Voluntary Delisting ,,,,,
LOTTEINDIA,Lotte India Corporation Limited,31-Jul-09,Voluntary Delisting ,,,,,
MATRIXLABS,Matrix Laboratories Limited,21-Aug-09,Voluntary Delisting ,,,,,
PANASIAIND,Pan Asia Industries Ltd,26-Jul-04,Compulsory Delisting ,,,,,
PEARLGLOBL,Pearl Global Ltd,21-Aug-09,Voluntary Delisting ,,,,,
SIGROUPIND,SI Group - India Limited,23-Sep-09,Voluntary Delisting ,,,,,
PHILCORP,PHIL Corporation Limited,09-Feb-10,Voluntary Delisting ,,,,,
MICRO,Micro Inks Limited,13-Apr-10,Voluntary Delisting ,,,,,
HINVDIR,HSBC InvestDirect (India) Limited,15-Jul-10,Voluntary Delisting ,,,,,
BINANICEM,Binani Cement Limited,30-May-11,Voluntary Delisting ,,,,,
UTVSOF,UTV Software Communications Limited,16-Mar-12,Voluntary Delisting ,,,,,
REALVALAPL,Real Value Appliance Ltd.,26-Jul-04,Compulsory Delisting ,,,,,
CAROLINFO,Carol Info Services Limited,19-Mar-12,Voluntary Delisting ,,,,,
SHIVLOHMIL,Shivalik Loha Mills Ltd.,26-Jul-04,Compulsory Delisting ,,,,,
NIRMA,Nirma Limited,28-Mar-12,Voluntary Delisting ,,,,,
ALFALAVAL,Alfa Laval (India) Limited,19-Apr-12,Voluntary Delisting ,,,,,
SHPRE,Shree Precoated Steels Limited,10-May-12,Voluntary Delisting ,,,,,
PATNI,Patni Computer Systems Limited,28-May-12,Voluntary Delisting ,,,,,
CHEMPLAST,Chemplast Sanmar Limited,25-Jun-12,Voluntary Delisting ,,,,,
BATLIBOI,Batliboi Limited,28-Jun-12,Voluntary Delisting ,,,,,
WESTINDIA,Western India Industries Ltd,26-Jul-04,Compulsory Delisting ,,,,,
WESTNPAQUE,Western Paques (India) Ltd,26-Jul-04,Compulsory Delisting ,,,,,
CHETTINAD,Chettinad Cement Corporation Limited,07-Jun-13,Voluntary Delisting ,,,,,
FKONCO,Fresenius Kabi Oncology Limited,10-Jan-14,Voluntary Delisting ,,,,,
RBN,Reliance Broadcast Network Limited,28-Mar-14,Voluntary Delisting ,,,,,
RELMEDIA,Reliance MediaWorks Limited,06-May-14,Voluntary Delisting ,,,,,
JDORGOCHEM,JD Orgochem Limited,18-Jul-14,Voluntary Delisting ,,,,,
PIRGLASS,Piramal Glass Limited,28-Jul-14,Voluntary Delisting ,,,,,
NOVOPANIND,Novopan Industries Limited,10-Nov-14,Voluntary Delisting ,,,,,
MANJUSHREE,Manjushree Technopack Limited,24-Mar-15,Voluntary Delisting ,,,,,
WINSOMEDJ,Winsome Diamonds and Jewellery Limited,31-Mar-15,Voluntary Delisting ,,,,,
GSLNOVA,GSL Nova Petrochemicals Limited,22-Apr-15,Voluntary Delisting ,,,,,
ESSARPORTS,Essar Ports Limited,31-Dec-15,Voluntary Delisting ,,,,,
ESSAROIL,Essar Oil Limited,17-Feb-16,Voluntary Delisting ,,,,,
BIRLACOT,Birla Cotsyn (India) Limited,16-Mar-16,Voluntary Delisting ,,,,,
ZENITHCOMP,Zenith Computers Limited,18-Mar-16,Voluntary Delisting ,,,,,
GUJSTATFIN,Gujarat State Financial Corporation,18-Mar-16,Voluntary Delisting ,,,,,
NOVAIRNSTL,Nova Iron & Steel Ltd,04-Jul-16,Voluntary Delisting ,,,,,
CHEMOXCHEM,Chemox Chemical Industries Limited,31-Aug-16,Delisting - Liquidation,,,,,
GANAPATEXP,Ganapati Exports Limited,31-Aug-16,Delisting - Liquidation,,,,,
HINDALLOYS,Hamco Mining & Smelting Limited,31-Aug-16,Delisting - Liquidation,,,,,
MANSUKHIND,Mansukh Industries Limited,31-Aug-16,Delisting - Liquidation,,,,,
MARDIACHEM,Mardia Chemicals Limited,31-Aug-16,Delisting - Liquidation,,,,,
MARDIASTL,Mardia Steel Limited,31-Aug-16,Delisting - Liquidation,,,,,
MOOLEXPORT,Moolchand Exports Limited,31-Aug-16,Delisting - Liquidation,,,,,
MOTOROL,Motorol (I) Limited,31-Aug-16,Delisting - Liquidation,,,,,
PALPEUGEOT,Pal Peugeot Limited,31-Aug-16,Delisting - Liquidation,,,,,
PONNIORISA,Ponni Sugars (Orissa) Limited,31-Aug-16,Delisting - Liquidation,,,,,
PRUDENTCM,Prudential Capital Markets Limited,31-Aug-16,Delisting - Liquidation,,,,,
SIVIND,SIV Industries Limited,31-Aug-16,Delisting - Liquidation,,,,,
SMZSCHEM,SMZS Chemicals Limited,31-Aug-16,Delisting - Liquidation,,,,,
VIBRANTINV,Vibrant  Investment and Properties Limited,31-Aug-16,Delisting - Liquidation,,,,,
ALPICFIN,Alpic Finance Limited,12-Sep-16,Delisting - Liquidation,,,,,
ARIHANTCOT,Arihant Cotsyn Limited,12-Sep-16,Delisting - Liquidation,,,,,
BHUPENIND,BIL Industries Limited,12-Sep-16,Delisting - Liquidation,,,,,
BPLREFRIG,B S Refrigerators Limited,12-Sep-16,Delisting - Liquidation,,,,,
BPLSANTECH,BST Limited,12-Sep-16,Delisting - Liquidation,,,,,
CEATFIN,CFL Capital Financial Services Limited,12-Sep-16,Delisting - Liquidation,,,,,
COMPUDYNE,Compudyne Winosystems Limited,12-Sep-16,Delisting - Liquidation,,,,,
CYBERSPACE,Cyberspace Limited,12-Sep-16,Delisting - Liquidation,,,,,
DRIND,DR Softech & Industries Limited,12-Sep-16,Delisting - Liquidation,,,,,
DSJFINCORP,DSJ Finance Corporation Limited,12-Sep-16,Delisting - Liquidation,,,,,
ENKTEXFOOD,Enkay Texofood Industries Limited,12-Sep-16,Delisting - Liquidation,,,,,
HANILERA,Hanil Era Textiles Limited,12-Sep-16,Delisting - Liquidation,,,,,
PATHEJAFOR,Patheja Forgings & Auto Parts Manufacturers Limited,12-Sep-16,Delisting - Liquidation,,,,,
PSTL,Pyramid Saimira Theatre Limited,12-Sep-16,Delisting - Liquidation,,,,,
SNOWCEMIND,Snowcem India Limited (SIL Business Enterprises Limited),12-Sep-16,Delisting - Liquidation,,,,,
SOUNDCRAFT,Soundcraft Industries Limited,12-Sep-16,Delisting - Liquidation,,,,,
SQUAREDBIO,Origin Agrostar Limited,12-Sep-16,Delisting - Liquidation,,,,,
VINCARDS,Vintage Cards & Creations Limited,12-Sep-16,Delisting - Liquidation,,,,,
WOPOLIN,Wopolin Plastics Limited,12-Sep-16,Delisting - Liquidation,,,,,
BENTOLCHEM,Chemox Laboratories Limited,22-Nov-16,Compulsory Delisting ,,,,,
CEPHAMILK,Cepham Milk Specialities Limited,22-Nov-16,Compulsory Delisting ,,,,,
DAMANIACM,Damania Capital Markets Limited,22-Nov-16,Compulsory Delisting ,,,,,
DARTLTD,Dataline and Research Technologies Limited,22-Nov-16,Compulsory Delisting ,,,,,
GRAPCOGRAN,Grapco Industries Limited,22-Nov-16,Compulsory Delisting ,,,,,
HMGIND,HMG Industries Limited,22-Nov-16,Compulsory Delisting ,,,,,
MANDUIND,Mandu Industries Limited,22-Nov-16,Compulsory Delisting ,,,,,
NOVASTEEL,Nova Steel India Limited,22-Nov-16,Compulsory Delisting ,,,,,
RAJINPIPE,Rajinder Pipes Limited,22-Nov-16,Compulsory Delisting ,,,,,
RAJINSTEEL,Rajinder Steels Limited,22-Nov-16,Compulsory Delisting ,,,,,
RUPANGIMPX,Rupangi Impex Limited,22-Nov-16,Compulsory Delisting ,,,,,
SANDERIND,Sanderson Industries Limited,22-Nov-16,Compulsory Delisting ,,,,,
SUNSTARLUB,Sunstar Lubricants Limited,22-Nov-16,Compulsory Delisting ,,,,,
ZENGLOBAL,Zen Global Finance Limited,22-Nov-16,Compulsory Delisting ,,,,,
ARIHANTRED,Arihant Threads Limited,07-Feb-17,Compulsory Delisting ,,,,,
KAMPERCONC,Kamper Concast Limited,07-Feb-17,Compulsory Delisting ,,,,,
KRISHNAENG,Krishna Engineering Works Limited,07-Feb-17,Compulsory Delisting ,,,,,
APOWERTOOL,Consortex Karl Doelitzsch (India) Limited,24-Mar-17,Compulsory Delisting ,,,,,
ARIHANTIND,Arihant Industries Limited,24-Mar-17,Compulsory Delisting ,,,,,
BHORIND,Bhor Industries Limited,24-Mar-17,Compulsory Delisting ,,,,,
BLUEBIRD,Blue Bird (India) Limited,24-Mar-17,Delisting - Liquidation,,,,,
BPLENGG,BPL Engineering Limited,24-Mar-17,Delisting - Liquidation,,,,,
CAUVERSOFT,Cauvery Software Engineering Systems Limited,24-Mar-17,Compulsory Delisting ,,,,,
CDRMEDICAL,CDR Medical Industries Limited,24-Mar-17,Compulsory Delisting ,,,,,
COMPUTECH,Computech International Limited,24-Mar-17,Compulsory Delisting ,,,,,
COREPARENT,Core Healthcare Limited,24-Mar-17,Compulsory Delisting ,,,,,
EIDERTELE,Eider Infotech Limited,24-Mar-17,Compulsory Delisting ,,,,,
ETPCORP,ETP Corporation Limited,24-Mar-17,Compulsory Delisting ,,,,,
EUROSOFTAL,European Software Alliances Limited,24-Mar-17,Compulsory Delisting ,,,,,
GUJCYPROM,Gujarat Cypromet Limited,24-Mar-17,Compulsory Delisting ,,,,,
HARYANSHET,Haryana Sheet Glass Limited,24-Mar-17,Compulsory Delisting ,,,,,
HITECHIJEW,Hitechi Jewellery Industries Limited,24-Mar-17,Compulsory Delisting ,,,,,
ITIL,Information Technologies India Limited,24-Mar-17,Compulsory Delisting ,,,,,
KMF,KMF Limited,24-Mar-17,Compulsory Delisting ,,,,,
LANESEDA,Lan Eseda Industries Limited,24-Mar-17,Compulsory Delisting ,,,,,
MBIND,MB Industries Limited,24-Mar-17,Compulsory Delisting ,,,,,
NOVAELEMAG,Nova Electro Magnetics Limited,24-Mar-17,Compulsory Delisting ,,,,,
PANCHMACEM,Panchmahal Cement Company Limited,24-Mar-17,Compulsory Delisting ,,,,,
PATWIDECOM,Patel's Widecom (India) Limited,24-Mar-17,Compulsory Delisting ,,,,,
RINKIPETRO,Motorol Enterprises Limited,24-Mar-17,Compulsory Delisting ,,,,,
ROOFITIND,Roofit Industries Limited,24-Mar-17,Compulsory Delisting ,,,,,
SCINTSOFT,Scintilla Software Technology Limited,24-Mar-17,Compulsory Delisting ,,,,,
SHRVINDPPR,Shree Vindhya Paper Mills Limited,24-Mar-17,Compulsory Delisting ,,,,,
SMFINANC,S M Finance Limited,24-Mar-17,Compulsory Delisting ,,,,,
SOMANICEM,Somani Cement Company Limited,24-Mar-17,Compulsory Delisting ,,,,,
SQRDSFWARE,DSQ Software Limited,24-Mar-17,Compulsory Delisting ,,,,,
STEELTUBES,Steel Tubes of India Limited,24-Mar-17,Compulsory Delisting ,,,,,
SUNEARTH,Sun Earth Ceramics Limited,24-Mar-17,Compulsory Delisting ,,,,,
SYNTHCHEM,Synthetics & Chemicals Limited,24-Mar-17,Compulsory Delisting ,,,,,
TELEDATAGL,Teledata Informatics Limited,24-Mar-17,Compulsory Delisting ,,,,,
VISHALEXPO,Vishal Exports Overseas Limited,24-Mar-17,Compulsory Delisting ,,,,,
VISIONLTD,Vision Organics Limited,24-Mar-17,Compulsory Delisting ,,,,,
WELLWININD,Wellwin Industry Limited,24-Mar-17,Compulsory Delisting ,,,,,
XEDDTELCOM,Xedd Telecom Limited,24-Mar-17,Compulsory Delisting ,,,,,
SANGHIPOLY,Sanghi Polyesters Limited,24-Mar-17,Delisting - Liquidation,,,,,
ANKURDRUGS,Ankur Drugs and Pharma Limited,12-May-17,Delisting - Liquidation,,,,,
ASHCONIUL,Ashco Niulab Industries Limited,12-May-17,Delisting - Liquidation,,,,,
CORAL-HUB,Coral Hub Limited,12-May-17,Compulsory Delisting ,,,,,
CREWBOS,Crew B.O.S. Products Limited,12-May-17,Delisting - Liquidation,,,,,
DCHL,Deccan Chronicle Holdings Limited,12-May-17,Compulsory Delisting ,,,,,
DHANUS,Dhanus Technologies Limited,12-May-17,Delisting - Liquidation,,,,,
EVINIX,Evinix Accessories Limited (currently known as Evinix Industries Limited),12-May-17,Compulsory Delisting ,,,,,
IOLN,IOL Netcom Limited,12-May-17,Delisting - Liquidation,,,,,
KOUTONS,Koutons Retail India Limited,12-May-17,Delisting - Liquidation,,,,,
NUCHEM,Nuchem Limited,12-May-17,Compulsory Delisting ,,,,,
PAREKHPLAT,Parekh Platinum Limited,12-May-17,Compulsory Delisting ,,,,,
PASUPATI,Pasupati Fabrics Limited,12-May-17,Compulsory Delisting ,,,,,
POLARIND,Polar Industries Limited,12-May-17,Compulsory Delisting ,,,,,
SPANCO,Spanco Limited,12-May-17,Compulsory Delisting ,,,,,
TAKSHEEL,Taksheel Solutions Limited,12-May-17,Compulsory Delisting ,,,,,
TELEDATAIT,Teledata Technology Solutions Limited,12-May-17,Delisting - Liquidation,,,,,
TELEMARINE,Teledata Marine Solutions Limited,12-May-17,Delisting - Liquidation,,,,,
VIKASHMET,Vikash Metal & Power Limited,12-May-17,Compulsory Delisting ,,,,,
KRISNAFILA,Krishna Filament Limited ,02-May-17,Voluntary Delisting ,,,,,
AMTL,Advance Metering Technology Limited,02-May-17,Voluntary Delisting ,,,,,
SRGINFOTEC,SRG Infotec (India) Limited,30-Jun-17,Voluntary Delisting ,,,,,
HOCL,Hindustan Organic Chemicals Limited,24-Aug-17,Voluntary Delisting ,,,,,
ARAVALIIND,Aravali Industries Limited,15-Sep-17,Compulsory Delisting ,,,,,
GROWTECHNO,Growth Techno Projects Limited,15-Sep-17,Compulsory Delisting ,,,,,
NAMASTEXP,Namaste Exports Limited,15-Sep-17,Compulsory Delisting ,,,,,
NEPCAGRO,NEPC Agro Foods Limited,15-Sep-17,Compulsory Delisting ,,,,,
NEPCTEX,NEPC Textiles Limited,15-Sep-17,Compulsory Delisting ,,,,,
ORGINFO,ORG Informatics Limited,15-Sep-17,Compulsory Delisting ,,,,,
SB&TINTL,SB&T International Limited,15-Sep-17,Compulsory Delisting ,,,,,
PADMALAYAT,Padmalaya Telefilms Limited,25-Sep-17,Voluntary Delisting ,,,,,
PEPL,Pearl Engineering Polymers Limited,26-Feb-18,Compulsory Delisting ,,,,,
ISPATPROF,Ispat Profile (I) Limited ,26-Feb-18,Delisting - Liquidation,,,,,
MAARSOFTW,Maars Software International Limited,26-Mar-18,Compulsory Delisting ,,,,,
"EMTEXIND
",Emtex Industries ( India ) Limited,26-Mar-18,Compulsory Delisting ,,,,,
KLGSYSTEL,KLG Systel Limited,24-Apr-18,Compulsory Delisting ,,,,,
BPLSANUTIL,B S Appliances Limited ,22-May-18,Compulsory Delisting ,,,,,
SAITELE,Sai Television Limited ,22-May-18,Compulsory Delisting ,,,,,
KSOILS,K S Oil Limited ,22-May-18,Compulsory Delisting ,,,,,
AGRODUTCH ,Agro Dutch Industries Limited,30-May-18,Compulsory Delisting ,,,,,
BROADCAST,Broadcast Initiatives Limited,30-May-18,Compulsory Delisting ,,,,,
CRESTANI,Crest Animation Studios Limited,30-May-18,Compulsory Delisting ,,,,,
KOPDRUGS,KDL Biotech Limited,30-May-18,Compulsory Delisting ,,,,,
KEMROCK,Kemrock Industries and Exports Limited,30-May-18,Compulsory Delisting ,,,,,
KFA,Kingfisher Airlines Limited,30-May-18,Compulsory Delisting ,,,,,
LUMAXAUTO,Lumax Automotive Systems Limited,30-May-18,Compulsory Delisting ,,,,,
NCOPPER,Nissan Copper Limited,30-May-18,Compulsory Delisting ,,,,,
PLETHICO,Plethico Pharmaceuticals Limited,30-May-18,Compulsory Delisting ,,,,,
SHRIASTER,Shri Aster Silicates Limited,30-May-18,Compulsory Delisting ,,,,,
SURYAPHARM,Surya Pharmaceuticals Limited,30-May-18,Compulsory Delisting ,,,,,
BRANDHOUSE,Brandhouse Retails Limited,30-May-18,Delisting - Liquidation,,,,,
ELDERPHARM,Elder Pharmaceuticals Limited,30-May-18,Delisting - Liquidation,,,,,
FIRSTLEASE,First Leasing Company India Limited,30-May-18,Delisting - Liquidation,,,,,
GLODYNE,Glodyne Technoserve Limited,30-May-18,Delisting - Liquidation,,,,,
HELIOSMATH,Helios and Matheson Information Technology Limited,30-May-18,Delisting - Liquidation,,,,,
TULIP,Tulip Telecom Limited,30-May-18,Delisting - Liquidation,,,,,
VARUN,Varun Industries Limited,30-May-18,Delisting - Liquidation,,,,,
AQUA,Aqua Logistics Limited,02-Jul-18,Delisting - Liquidation,,,,,
ASIANELEC,Asian Electronics Limited,02-Jul-18,Delisting - Liquidation,,,,,
BIRLAPOWER,Birla Power Solutions Limited,02-Jul-18,Delisting - Liquidation,,,,,
CLASSIC,Classic Diamonds (India) Limited,02-Jul-18,Delisting - Liquidation,,,,,
CLUTCHAUTO,Clutch Auto Limited,02-Jul-18,Delisting - Liquidation,,,,,
COREEDUTEC,Core Education & Technologies Limited,02-Jul-18,Delisting - Liquidation,,,,,
DRDATSONS,Dr. Datson's Labs Limited,02-Jul-18,Delisting - Liquidation,,,,,
EDSERV,Edserv Softsystems Limited,02-Jul-18,Delisting - Liquidation,,,,,
EVERONN,Everonn Education Limited,02-Jul-18,Delisting - Liquidation,,,,,
GLORY,Glory Polyfilms Limited,02-Jul-18,Delisting - Liquidation,,,,,
GTOFFSHORE,GOL Offshore Limited,02-Jul-18,Delisting - Liquidation,,,,,
INNOIND,Innoventive Industries Limited,02-Jul-18,Delisting - Liquidation,,,,,
JCTEL,JCT Electronics Limited,02-Jul-18,Delisting - Liquidation,,,,,
LLOYDFIN,Lloyds Finance Limited,02-Jul-18,Delisting - Liquidation,,,,,
MICROTECH,Micro Technologies (India) Limited,02-Jul-18,Delisting - Liquidation,,,,,
PARAPRINT,Paramount Printpackaging Limited,02-Jul-18,Delisting - Liquidation,,,,,
SHREEASHTA,Shree Ashtavinayak Cine Vision Limited,02-Jul-18,Delisting - Liquidation,,,,,
SVOGL,SVOGL Oil Gas & Energy Limited,02-Jul-18,Delisting - Liquidation,,,,,
TIMBOR,Timbor Home Limited,02-Jul-18,Delisting - Liquidation,,,,,
TRICOM,Tricom India Limited,02-Jul-18,Delisting - Liquidation,,,,,
TWILITAKA,Twilight Litaka Pharma Limited,02-Jul-18,Delisting - Liquidation,,,,,
UBENGG,UB Engineering Limited,02-Jul-18,Delisting - Liquidation,,,,,
ZENITHINFO,Zenith Infotech Limited,02-Jul-18,Delisting - Liquidation,,,,,
POLARIS,Polaris Consulting & Services Limited,01-Aug-18,Voluntary Delisting ,,,,,
ACROPETAL,Acropetal Technologies Limited,08-Aug-18,Compulsory Delisting ,,,,,
AFTEK,Aftek Limited,08-Aug-18,Compulsory Delisting ,,,,,
ARVINDREM,Arvind Remedies Limited,08-Aug-18,Compulsory Delisting ,,,,,
CMAHENDRA,C Mahendra Exports Limited,08-Aug-18,Compulsory Delisting ,,,,,
ERAINFRA,Era Infra Engineering Limited,08-Aug-18,Compulsory Delisting ,,,,,
GEINDSYS,Gei Industrial Systems Limited,08-Aug-18,Compulsory Delisting ,,,,,
HINDEVELOP,Hindustan Development Corporation Limited,08-Aug-18,Compulsory Delisting ,,,,,
KNDENGTECH,KND Engineering Technologies Limited,08-Aug-18,Compulsory Delisting ,,,,,
MURLIIND,Murli Industries Limited,08-Aug-18,Compulsory Delisting ,,,,,
NEPCMICON,NEPC India Limited,08-Aug-18,Compulsory Delisting ,,,,,
NRC,NRC Limited,08-Aug-18,Compulsory Delisting ,,,,,
ORBITCORP,Orbit Corporation Limited,08-Aug-18,Compulsory Delisting ,,,,,
PARAL,Parekh Aluminex Limited,08-Aug-18,Compulsory Delisting ,,,,,
SGJHL,Shree Ganesh Jewellery House (I) Limited,08-Aug-18,Compulsory Delisting ,,,,,
SHRENUJ,Shrenuj & Company Limited,08-Aug-18,Compulsory Delisting ,,,,,
SPECTACLE,Spectacle Ventures Ltd,08-Aug-18,Compulsory Delisting ,,,,,
SUPERFORGE,Super Forgings & Steels Limited,08-Aug-18,Compulsory Delisting ,,,,,
SURYAJYOTI,Suryajyoti Spinning Mills Limited,08-Aug-18,Compulsory Delisting ,,,,,
TECPRO,Tecpro Systems Limited,08-Aug-18,Compulsory Delisting ,,,,,
VATSMUSC,Vatsa Music Limited,08-Aug-18,Compulsory Delisting ,,,,,
OMNITECH,Omnitech Infosolutions Limited,08-Aug-18,Delisting - Liquidation,,,,,
KARUNACAB,Karuna Cables Limited,08-Aug-18,Voluntary Delisting ,,,,,
CRANESSOFT,Cranes Software International Limited,08-Aug-18,Voluntary Delisting ,,,,,
DECOLIGHT,Decolight Ceramics Limited,11-Sep-18,Delisting - Liquidation,,,,,
DUNCANSLTD,Duncans Industries Limited,11-Sep-18,Compulsory Delisting ,,,,,
GEODESIC,Geodesic Limited,11-Sep-18,Delisting - Liquidation,,,,,
MALWACOTT,Malwa Cotton Spg. Mills Limited,11-Sep-18,Compulsory Delisting ,,,,,
NET4,Net 4 India Limited,11-Sep-18,Compulsory Delisting ,,,,,
NETVISTAIT,Netvista Information Technology Ltd,11-Sep-18,Compulsory Delisting ,,,,,
PRITHVI,Prithvi Information Solutions Limited,11-Sep-18,Compulsory Delisting ,,,,,
REIAGROLTD,Rei Agro Limited,11-Sep-18,Delisting - Liquidation,,,,,
REISIXTEN,REI Six Ten Retail Limited,11-Sep-18,Compulsory Delisting ,,,,,
SOFTTECHGR,Software Technology Group International Limited,11-Sep-18,Compulsory Delisting ,,,,,
SUDAR,Sudar Industries Limited,11-Sep-18,Compulsory Delisting ,,,,,
UBHOLDINGS,United Breweries (Holdings) Limited,11-Sep-18,Delisting - Liquidation,,,,,
VATSALTD,Vatsa Corporations Ltd,11-Sep-18,Compulsory Delisting ,,,,,
VKSPL,VKS Projects Limited,11-Sep-18,Compulsory Delisting ,,,,,
AICHAMP,AI Champdany Industries Limited,17-Oct-18,Voluntary Delisting ,,,,,
ELECTROSL,ELECTROSTEEL STEELS LIMITED,20-Dec-18,Voluntary Delisting ,,,,,
INFINITE,Infinite Computer Solutions (India) Limited,21-Dec-18,Voluntary Delisting ,,,,,
VITALCOMM,Vital Communications Limited,27-Dec-18,Compulsory Delisting ,,,,,
JENSONICOL,Jenson & Nicholson (lndia) Limited ,13-Feb-19,Delisting - Liquidation,,,,,
INDUSFILA,Indus Fila Limited,20-Feb-19,Compulsory Delisting ,,,,,
SIRPAPER,The Sirpur Paper Mills Limited,19-Mar-19,Voluntary Delisting ,,,,,
SALORAINTL,Salora International Limited,25-Apr-19,Voluntary Delisting ,,,,,
ECEIND,ECE Industries Limited,17-May-19,Voluntary Delisting ,,,,,
RAMGOPOLY,Ramgopal Polytex Limited,25-Jul-19,Voluntary Delisting ,,,,,
KITPLYIND,Kitply Industries Limited ,20-Aug-19,Voluntary Delisting ,,,,,
ELAND,E-Land Apparel Limited,01-Oct-19,Voluntary Delisting ,,,,,
AMAR,Amar Remedies Limited,17-Oct-19,Delisting - Liquidation,,,,,
SUPREMETEX,Supreme Tex Mart Limited,17-Oct-19,Delisting - Liquidation,,,,,
SAMTEL,Samtel Color Limited,17-Oct-19,Delisting - Liquidation,,,,,
HINDDORROL,Hindustan Dorr-Oliver Limited,17-Oct-19,Delisting - Liquidation,,,,,
SERVALL,Servalakshmi Paper Limited,17-Oct-19,Delisting - Liquidation,,,,,
LML,LML Limited,17-Oct-19,Delisting - Liquidation,,,,,
HANUNG,Hanung Toys and Textiles Limited,17-Oct-19,Delisting - Liquidation,,,,,
MOSERBAER,Moser-Baer (I) Limited,17-Oct-19,Delisting - Liquidation,,,,,
LITL,Lanco Infratech Limited,17-Oct-19,Delisting - Liquidation,,,,,
NITESHEST,NEL Holdings Limited,07-Nov-19,Voluntary Delisting ,,,,,
KESARENT,Kesar Enterprises Limited,07-Jan-20,Voluntary Delisting ,,,,,
KTIL,Kesar Terminals & Infrastructure Limited,07-Jan-20,Voluntary Delisting ,,,,,
ASSAMCO,Assam Company India Limited,20-Jan-20,Voluntary Delisting ,,,,,
RAJASPETRO,Rajasthan Petro Synthetics Limited,13-Feb-20,Voluntary Delisting ,,,,,
ENTEGRA,Entegra Limited,02-Mar-20,Compulsory Delisting ,,,,,
ABGSHIP,ABG Shipyard Limited,02-Mar-20,Delisting - Liquidation,,,,,
GEMINI,Gemini Communication Limited,02-Mar-20,Delisting - Liquidation,,,,,
SHILPI,Shilpi Cable Technologies Limited,02-Mar-20,Delisting - Liquidation,,,,,
SURANAIND,Surana Industries Limited,02-Mar-20,Delisting - Liquidation,,,,,
TODAYS,Todays Writing Instruments Limited,02-Mar-20,Delisting - Liquidation,,,,,
USHERAGRO,Usher Agro Limited,02-Mar-20,Delisting - Liquidation,,,,,
PRASGLOFIN,Silicon Valley Infotech Limited,17-Mar-20,Voluntary Delisting ,,,,,
FIRSTWIN,First Winner Industries Limited,10-Jul-20,Compulsory Delisting ,,,,,
PANORAMUNI,Panoramic Universal Limited,10-Jul-20,Compulsory Delisting ,,,,,
FARMAXIND,Farmax India Limited,10-Jul-20,Compulsory Delisting ,,,,,
ANGIND,ANG Industries Limited,10-Jul-20,Delisting - Liquidation,,,,,
NICCO,Nicco Corporation Limited,10-Jul-20,Delisting - Liquidation,,,,,
RASOYPR,Rasoya Proteins Limited,10-Jul-20,Delisting - Liquidation,,,,,
EDL,Empee Distilleries Limited,24-Jul-20,Voluntary Delisting ,,,,,
HEXAWARE,Hexaware Technologies Limited,09-Nov-20,Voluntary Delisting ,,,,,
