sym,financial,run_len,from,to,worst_pct,median_pct
HBSL,True,1,20241231,20241231,-1465.6,-1465.6
SANWARIA,False,12,20230630,20260331,-100.0,-100.0
AUSTRAL,False,5,20180630,20190930,-100.0,-100.0
MVL,False,3,20180930,20190331,-100.0,-100.0
NECLIFE,False,2,20250930,20260331,-100.0,-58.3
OMKARCHEM,False,2,20250630,20250930,-100.0,-100.0
NAGAFERT,False,1,20251231,20251231,-100.0,-100.0
OSWALAGRO,False,1,20230630,20230630,-100.0,-100.0
SVPGLOB,False,1,20240331,20240331,-100.0,-100.0
ABHISHEK,False,1,20250630,20250630,-100.0,-100.0
JINDCOT,False,1,20230630,20230630,-100.0,-100.0
KSERASERA,False,1,20260331,20260331,-100.0,-100.0
ADVENTHTL,False,1,20250930,20250930,-100.0,-100.0
ATNINTER,False,1,20250630,20250630,-100.0,-100.0
CEMPRO,False,3,20240331,20250331,-99.9,-99.7
RTNINDIA,True,2,20230930,20231231,-99.5,-99.3
MAHAPEXLTD,False,13,20230331,20260331,-99.1,-76.0
SATHAISPAT,False,1,20220331,20220331,-97.8,-97.8
BLIL,False,1,20250930,20250930,-97.0,-97.0
RANBAXY,False,1,20111231,20111231,-96.9,-96.9
LAHOTIOV,False,5,20240331,20260331,-94.9,-4.6
ORTINGLOBE,False,4,20240331,20260331,-90.0,-51.7
NETWORK18,False,1,20240630,20240630,-87.6,-87.6
GYFTR,False,3,20230630,20231231,-87.1,-82.8
MASKINVEST,False,1,20260331,20260331,-85.7,-85.7
SHAHALLOYS,False,2,20230630,20260331,-83.1,-47.1
TREJHARA,False,1,20250630,20250630,-80.4,-80.4
HEMIPROP,False,1,20250331,20250331,-75.0,-75.0
MTNL,False,5,20240930,20251231,-64.4,-38.0
IFCI,True,2,20230331,20250331,-59.6,-33.8
SABEVENTS,False,1,20251231,20251231,-50.0,-50.0
WEBELSOLAR,False,1,20231231,20231231,-49.0,-49.0
AFSL,False,3,20230331,20231231,-45.8,-36.4
MERCATOR,False,1,20210331,20210331,-45.0,-45.0
MBLINFRA,False,1,20250930,20250930,-44.2,-44.2
VALUEIND,True,1,20230930,20230930,-44.0,-44.0
IWEL,True,3,20220331,20221231,-42.2,-35.2
PDPL,False,6,20190331,20220331,-40.2,-9.4
MMTC,False,4,20231231,20260331,-39.0,-31.5
MCDHOLDING,True,1,20200930,20200930,-37.0,-37.0
CHROMATIC,False,2,20190331,20190630,-35.1,-21.5
BHARATIDIL,False,1,20240331,20240331,-29.0,-29.0
FCONSUMER,False,1,20230930,20230930,-28.0,-28.0
COHANCE,False,2,20230930,20240331,-27.0,-19.5
STARTECK,True,1,20260331,20260331,-26.2,-26.2
DOLATALGO,False,1,20240331,20240331,-25.0,-25.0
IVRCLINFRA,True,1,20250930,20250930,-23.5,-23.5
BSE,False,5,20230630,20240630,-23.2,-18.0
PEL,True,1,20241231,20241231,-22.2,-22.2
PIRAMALFIN,True,3,20241231,20250930,-21.5,-19.0
JPASSOCIAT,False,2,20231231,20240331,-21.0,-19.5
XLENERGY,False,1,20190331,20190331,-20.0,-20.0
CRAMC,False,2,20251231,20260630,-19.9,-14.6
BHARATCOAL,False,1,20251231,20251231,-19.8,-19.8
TVSHLTD,True,3,20230630,20231231,-19.5,-5.6
BSLIMITED,False,1,20180630,20180630,-19.0,-19.0
OSWALGREEN,False,1,20231231,20231231,-17.5,-17.5
SADBHIN,False,2,20230930,20231231,-16.5,-9.7
BHARATFIN,False,1,20180331,20180331,-16.5,-16.5
INDOWIND,False,3,20240930,20260331,-16.3,-7.3
IL&FSTRANS,False,1,20171231,20171231,-16.2,-16.2
SHRADHA,False,2,20250331,20251231,-16.0,-15.0
SYNCOM,False,1,20190331,20190331,-16.0,-16.0
BALLARPUR,False,4,20200331,20250930,-15.5,-5.4
AVAILFC,False,2,20230630,20230930,-15.4,-11.3
GOENKA,False,1,20251231,20251231,-15.3,-15.3
CIFL,True,1,20250930,20250930,-15.2,-15.2
SAMPANN,False,1,20250331,20250331,-15.1,-15.1
MAHLIFE,False,2,20240331,20250331,-15.0,-11.4
THEMISMED,False,2,20240630,20240930,-14.9,-14.3
SUVEN,False,2,20240930,20260630,-14.3,-12.5
MOTOGENFIN,False,1,20260331,20260331,-13.0,-13.0
ACC,False,1,20241231,20241231,-12.9,-12.9
JKPAPER,False,1,20250331,20250331,-12.9,-12.9
DELTACORP,False,1,20250331,20250331,-11.9,-11.9
CUPID,False,6,20240930,20260331,-11.6,-9.1
MANAKALUCO,False,1,20230930,20230930,-11.5,-11.5
ZYDUSWELL,False,1,20241231,20241231,-11.3,-11.3
RSYSTEMS,False,1,20250630,20250630,-11.3,-11.3
RELIGARE,True,2,20231231,20250930,-11.0,-10.4
EMCO,False,1,20210331,20210331,-11.0,-11.0
CEREBRAINT,False,1,20250630,20250630,-10.5,-10.5
SELMC,False,4,20240930,20250630,-9.6,-4.8
ENERGYDEV,False,1,20241231,20241231,-9.3,-9.3
VISESHINFO,False,1,20241231,20241231,-9.1,-9.1
GOCLCORP,False,1,20251231,20251231,-9.0,-9.0
ABGSHIP,False,1,20161231,20161231,-9.0,-9.0
AADHARHFC,True,3,20230930,20240630,-8.7,-2.7
ESSARSHPNG,False,4,20231231,20240930,-8.6,-8.3
GINNIFILA,False,1,20260331,20260331,-7.9,-7.9
MAXESTATES,False,1,20231231,20231231,-7.8,-7.8
SPICEJET,False,3,20240630,20250630,-7.7,-6.6
EROSMEDIA,False,2,20251231,20260331,-6.7,-4.9
AWHCL,False,1,20240331,20240331,-6.7,-6.7
HEADSUP,False,1,20241231,20241231,-6.7,-6.7
JINDALPOLY,False,1,20230331,20230331,-6.6,-6.6
EON,False,1,20191231,20191231,-6.5,-6.5
SHLAKSHMI,False,2,20181231,20190331,-6.2,-4.6
RBLBANK,True,1,20230630,20230630,-6.2,-6.2
SHRENIK,False,1,20250930,20250930,-5.7,-5.7
VIVIMEDLAB,False,1,20260331,20260331,-5.6,-5.6
CPCAP,True,1,20251231,20251231,-5.4,-5.4
SCILAL,False,1,20231231,20231231,-5.4,-5.4
UMESLTD,False,1,20240930,20240930,-5.3,-5.3
MONARCH,False,2,20230630,20230930,-5.2,-3.7
FLEXITUFF,False,1,20250930,20250930,-5.2,-5.2
SALSTEEL,False,1,20230331,20230331,-5.2,-5.2
DHUNINV,True,1,20250630,20250630,-5.0,-5.0
MOTHERSON,False,2,20230630,20230930,-4.3,-4.1
RNBDENIMS,False,2,20250331,20250630,-4.2,-3.5
SAKTHIFIN,False,4,20240331,20250630,-3.9,-3.5
SUPREMEINF,False,2,20231231,20250930,-3.6,-3.5
HITECHGEAR,False,2,20240930,20241231,-2.9,-2.9
DISHMAN,False,3,20141231,20150630,-2.8,-2.2
REPCOHOME,True,2,20240930,20241231,-2.8,-2.4
KSK,False,3,20180331,20180930,-2.3,-2.3
