sym,qe,basis,status,stored_now,screener_now,pct,basis_copy_in_ledger
ABDL,20230930,std,MATCHES_SITE_ROW,851.0,851.0,0.0,True
ABDL,20230930,con,CON_NOT_SWEPT,851.0,,,True
ABDL,20231231,std,MATCHES_SITE_ROW,895.0,895.0,0.0,True
ABDL,20231231,con,CON_NOT_SWEPT,895.0,,,True
ABLBL,20240630,std,MATCHES_SITE_ROW,1796.0,1796.0,0.0,False
ABLBL,20240630,con,CON_NOT_SWEPT,1784.0,,,False
ABLBL,20240930,std,MATCHES_SITE_ROW,1962.0,1962.0,0.0,False
ABLBL,20240930,con,CON_NOT_SWEPT,1965.0,,,False
ABLBL,20241231,std,MATCHES_SITE_ROW,2130.0,2130.0,0.0,False
ABLBL,20241231,con,CON_NOT_SWEPT,2138.0,,,False
ABLBL,20250331,std,MATCHES_SITE_ROW,1942.0,1942.0,0.0,True
ABLBL,20250331,con,CON_NOT_SWEPT,1942.0,,,True
ACMESOLAR,20230930,std,MATCHES_SITE_ROW,139.0,139.0,0.0,False
ACMESOLAR,20230930,con,CON_NOT_SWEPT,323.0,,,False
ACMESOLAR,20231231,std,MATCHES_SITE_ROW,82.0,82.0,0.0,False
ACMESOLAR,20231231,con,CON_NOT_SWEPT,332.0,,,False
ACMESOLAR,20240331,std,MATCHES_SITE_ROW,190.0,190.0,0.0,False
ACMESOLAR,20240331,con,CON_NOT_SWEPT,295.0,,,False
ACMESOLAR,20240630,std,MATCHES_SITE_ROW,369.0,369.0,0.0,False
ACMESOLAR,20240630,con,CON_NOT_SWEPT,310.0,,,False
ACUTAAS,20231231,std,MATCHES_SITE_ROW,162.0,162.0,0.0,False
ACUTAAS,20231231,con,CON_NOT_SWEPT,166.0,,,False
AEGISLOG,20230930,std,MATCHES_SITE_ROW,584.0,584.0,0.0,False
AEGISVOPAK,20240630,std,MATCHES_SITE_ROW,129.0,129.0,0.0,False
AEGISVOPAK,20240630,con,CON_NOT_SWEPT,154.0,,,False
AEGISVOPAK,20240930,std,MATCHES_SITE_ROW,122.0,122.0,0.0,False
AEGISVOPAK,20240930,con,CON_NOT_SWEPT,149.0,,,False
AIIL,20230930,con,CON_NOT_SWEPT,2152.0,,,False
ANTHEM,20240630,con,CON_NOT_SWEPT,339.0,,,False
ARE&M,20250331,std,MATCHES_SITE_ROW,2974.0,2974.0,0.0,False
ARE&M,20250331,con,CON_NOT_SWEPT,3060.0,,,False
ATHERENERG,20240331,std,MATCHES_SITE_ROW,523.0,523.0,0.0,False
ATHERENERG,20240630,std,MATCHES_SITE_ROW,360.0,360.0,0.0,False
ATHERENERG,20240930,std,MATCHES_SITE_ROW,584.0,584.0,0.0,False
ATHERENERG,20241231,std,MATCHES_SITE_ROW,635.0,635.0,0.0,False
BAJAJHFL,20230930,std,MATCHES_SITE_ROW,1911.0,1911.0,0.0,False
BAJAJHFL,20231231,std,MATCHES_SITE_ROW,1946.0,1946.0,0.0,False
BAJAJHFL,20240331,std,MATCHES_SITE_ROW,1996.0,1996.0,0.0,False
BELRISE,20240331,std,MATCHES_SITE_ROW,1476.0,1476.0,0.0,False
BELRISE,20240331,con,CON_NOT_SWEPT,1526.0,,,False
BHARTIHEXA,20230930,std,MATCHES_SITE_ROW,1738.0,1738.0,0.0,False
BHARTIHEXA,20231231,std,MATCHES_SITE_ROW,1801.0,1801.0,0.0,False
CEMPRO,20240630,std,MATCHES_SITE_ROW,2376.0,2376.0,0.0,False
CEMPRO,20240630,con,CON_NOT_SWEPT,2381.0,,,False
CPPLUS,20240630,std,MATCHES_SITE_ROW,636.0,636.0,0.0,True
CPPLUS,20240630,con,CON_NOT_SWEPT,636.0,,,True
CPPLUS,20240930,std,MATCHES_SITE_ROW,662.0,662.0,0.0,False
CPPLUS,20240930,con,CON_NOT_SWEPT,669.0,,,False
CPPLUS,20241231,std,MATCHES_SITE_ROW,801.0,801.0,0.0,False
CPPLUS,20241231,con,CON_NOT_SWEPT,830.0,,,False
CPPLUS,20250331,std,MATCHES_SITE_ROW,967.0,967.0,0.0,False
CPPLUS,20250331,con,CON_NOT_SWEPT,977.0,,,False
CYIENT,20250331,std,MATCHES_SITE_ROW,608.0,608.0,0.0,False
DOMS,20230930,std,MATCHES_SITE_ROW,346.0,346.0,0.0,False
DOMS,20230930,con,CON_NOT_SWEPT,382.0,,,False
EMCURE,20230930,std,MATCHES_SITE_ROW,888.0,888.0,0.0,False
EMCURE,20230930,con,CON_NOT_SWEPT,1663.0,,,False
EMCURE,20231231,std,MATCHES_SITE_ROW,870.0,870.0,0.0,False
EMCURE,20231231,con,CON_NOT_SWEPT,1668.0,,,False
EMMVEE,20241231,std,MATCHES_SITE_ROW,356.0,356.0,0.0,False
EMMVEE,20241231,con,CON_NOT_SWEPT,528.0,,,False
EMMVEE,20250331,std,MATCHES_SITE_ROW,544.0,544.0,0.0,False
EMMVEE,20250331,con,CON_NOT_SWEPT,1072.0,,,False
ENRIN,20240331,std,MATCHES_SITE_ROW,-0.0,0.0,,False
ETERNAL,20231231,std,MATCHES_SITE_ROW,1782.0,1782.0,0.0,False
ETERNAL,20231231,con,CON_NOT_SWEPT,3288.0,,,False
FIRSTCRY,20230930,std,MATCHES_SITE_ROW,504.0,504.0,0.0,False
FIRSTCRY,20230930,con,CON_NOT_SWEPT,1507.0,,,False
FIRSTCRY,20231231,std,MATCHES_SITE_ROW,636.0,636.0,0.0,False
FIRSTCRY,20231231,con,CON_NOT_SWEPT,1900.0,,,False
FIRSTCRY,20240331,std,MATCHES_SITE_ROW,540.0,540.0,0.0,False
FIRSTCRY,20240331,con,CON_NOT_SWEPT,1667.0,,,False
FORCEMOT,20230930,std,MATCHES_SITE_ROW,1802.0,1802.0,0.0,True
FORCEMOT,20230930,con,CON_NOT_SWEPT,1802.0,,,True
FORCEMOT,20231231,std,MATCHES_SITE_ROW,1692.0,1692.0,0.0,True
FORCEMOT,20231231,con,CON_NOT_SWEPT,1692.0,,,True
GMRAIRPORT,20230930,std,MATCHES_SITE_ROW,65.0,65.0,0.0,False
GMRAIRPORT,20240930,std,MATCHES_SITE_ROW,282.0,282.0,0.0,False
GROWW,20240930,std,MATCHES_SITE_ROW,802.0,802.0,0.0,False
GROWW,20240930,con,CON_NOT_SWEPT,1125.0,,,False
GVT&D,20230930,std,MATCHES_SITE_ROW,698.0,698.0,0.0,False
GVT&D,20231231,std,MATCHES_SITE_ROW,839.0,839.0,0.0,False
GVT&D,20240331,std,MATCHES_SITE_ROW,914.0,914.0,0.0,False
GVT&D,20240630,std,MATCHES_SITE_ROW,958.0,958.0,0.0,False
GVT&D,20240930,std,MATCHES_SITE_ROW,1108.0,1108.0,0.0,False
GVT&D,20241231,std,MATCHES_SITE_ROW,1074.0,1074.0,0.0,False
GVT&D,20250331,std,MATCHES_SITE_ROW,1153.0,1153.0,0.0,False
HDBFS,20240331,std,MATCHES_SITE_ROW,3667.0,3667.0,0.0,True
HDBFS,20240331,con,CON_NOT_SWEPT,3667.0,,,True
HEXT,20231231,std,MATCHES_SITE_ROW,1287.0,1287.0,0.0,False
HEXT,20231231,con,CON_NOT_SWEPT,2616.0,,,False
HYUNDAI,20230930,std,MATCHES_SITE_ROW,18409.0,18409.0,0.0,False
HYUNDAI,20230930,con,CON_NOT_SWEPT,18660.0,,,False
ICICIAMC,20241231,std,MATCHES_SITE_ROW,1227.0,1227.0,0.0,False
ICICIAMC,20250331,std,MATCHES_SITE_ROW,1269.0,1269.0,0.0,False
IGIL,20231231,std,MATCHES_SITE_ROW,184.0,184.0,0.0,False
IGIL,20231231,con,CON_NOT_SWEPT,250.0,,,False
IGIL,20240331,std,MATCHES_SITE_ROW,209.0,209.0,0.0,False
IGIL,20240331,con,CON_NOT_SWEPT,278.0,,,False
IGIL,20240630,std,MATCHES_SITE_ROW,197.0,197.0,0.0,False
IGIL,20240630,con,CON_NOT_SWEPT,260.0,,,False
IKS,20240331,std,MATCHES_SITE_ROW,183.0,183.0,0.0,False
IKS,20240331,con,CON_NOT_SWEPT,620.0,,,False
INDGN,20230930,std,MATCHES_SITE_ROW,260.0,260.0,0.0,False
INDGN,20230930,con,CON_NOT_SWEPT,636.0,,,False
INDGN,20231231,std,MATCHES_SITE_ROW,260.0,260.0,0.0,False
INDGN,20231231,con,CON_NOT_SWEPT,673.0,,,False
IREDA,20230930,std,MATCHES_SITE_ROW,1177.0,1177.0,0.0,False
JAINREC,20240930,std,MATCHES_SITE_ROW,1343.0,1343.0,0.0,False
JAINREC,20240930,con,CON_NOT_SWEPT,1392.0,,,False
JAINREC,20241231,std,MATCHES_SITE_ROW,1724.0,1724.0,0.0,False
JAINREC,20241231,con,CON_NOT_SWEPT,1781.0,,,False
JAINREC,20250331,std,MATCHES_SITE_ROW,1639.0,1639.0,0.0,False
JAINREC,20250331,con,CON_NOT_SWEPT,1760.0,,,False
JINDALSAW,20240930,con,CON_NOT_SWEPT,5572.0,,,False
JSWCEMENT,20240630,std,MATCHES_SITE_ROW,1378.0,1378.0,0.0,False
JSWCEMENT,20240630,con,CON_NOT_SWEPT,1447.0,,,False
JSWCEMENT,20240930,std,MATCHES_SITE_ROW,1169.0,1169.0,0.0,False
JSWCEMENT,20240930,con,CON_NOT_SWEPT,1224.0,,,False
JSWCEMENT,20241231,std,MATCHES_SITE_ROW,1361.0,1361.0,0.0,False
JSWCEMENT,20241231,con,CON_NOT_SWEPT,1433.0,,,False
JSWCEMENT,20250331,std,MATCHES_SITE_ROW,1598.0,1598.0,0.0,False
JSWCEMENT,20250331,con,CON_NOT_SWEPT,1709.0,,,False
JYOTICNC,20230930,std,MATCHES_SITE_ROW,264.0,264.0,0.0,False
JYOTICNC,20230930,con,CON_NOT_SWEPT,302.0,,,False
KARURVYSYA,20230930,std,MATCHES_SITE_ROW,1997.0,1997.0,0.0,False
LENSKART,20240930,std,MATCHES_SITE_ROW,1081.0,1081.0,0.0,False
LENSKART,20240930,con,CON_NOT_SWEPT,1736.0,,,False
LENSKART,20241231,std,MATCHES_SITE_ROW,1006.0,1006.0,0.0,False
LENSKART,20241231,con,CON_NOT_SWEPT,1669.0,,,False
LENSKART,20250331,std,MATCHES_SITE_ROW,1022.0,1022.0,0.0,False
LENSKART,20250331,con,CON_NOT_SWEPT,1728.0,,,False
LENSKART,20250630,std,MATCHES_SITE_ROW,1168.0,1168.0,0.0,False
LENSKART,20250630,con,CON_NOT_SWEPT,1894.0,,,False
LTFOODS,20230930,std,MATCHES_SITE_ROW,1036.0,1036.0,0.0,False
LTFOODS,20230930,con,CON_NOT_SWEPT,1978.0,,,False
MANKIND,20250331,con,CON_NOT_SWEPT,3079.0,,,False
MCX,20250630,std,MATCHES_SITE_ROW,349.0,349.0,0.0,False
MCX,20250630,con,CON_NOT_SWEPT,373.0,,,False
MEESHO,20241231,std,MATCHES_SITE_ROW,2678.0,2678.0,0.0,False
MEESHO,20241231,con,CON_NOT_SWEPT,2679.0,,,False
MEESHO,20250331,std,MATCHES_SITE_ROW,2399.0,2399.0,0.0,False
MEESHO,20250331,con,CON_NOT_SWEPT,2400.0,,,False
MEESHO,20250630,std,MATCHES_SITE_ROW,2504.0,2504.0,0.0,True
MEESHO,20250630,con,CON_NOT_SWEPT,2504.0,,,True
MEESHO,20250930,std,MATCHES_SITE_ROW,1391.0,1391.0,0.0,False
MEESHO,20250930,con,CON_NOT_SWEPT,3074.0,,,False
NTPCGREEN,20231231,std,MATCHES_SITE_ROW,443.0,443.0,0.0,False
NTPCGREEN,20231231,con,CON_NOT_SWEPT,446.0,,,False
ONESOURCE,20231231,std,MATCHES_SITE_ROW,56.0,56.0,0.0,False
ONESOURCE,20231231,con,CON_NOT_SWEPT,56.21,,,False
ONESOURCE,20240331,std,MATCHES_SITE_ROW,73.0,73.0,0.0,False
ONESOURCE,20240331,con,CON_NOT_SWEPT,73.14,,,False
PFC,20231231,con,CON_NOT_SWEPT,23572.0,,,False
PFIZER,20250331,std,MATCHES_SITE_ROW,592.0,592.0,0.0,False
PINELABS,20240930,std,MATCHES_SITE_ROW,377.0,377.0,0.0,False
PINELABS,20240930,con,CON_NOT_SWEPT,552.0,,,False
PINELABS,20241231,con,CON_NOT_SWEPT,602.0,,,False
PINELABS,20250331,std,MATCHES_SITE_ROW,416.0,416.0,0.0,False
PINELABS,20250331,con,CON_NOT_SWEPT,599.0,,,False
PIRAMALFIN,20230930,std,MATCHES_SITE_ROW,1736.0,1736.0,0.0,False
PIRAMALFIN,20231231,std,MATCHES_SITE_ROW,1679.0,1679.0,0.0,False
PIRAMALFIN,20231231,con,CON_NOT_SWEPT,1689.0,,,False
PIRAMALFIN,20240331,std,MATCHES_SITE_ROW,1706.0,1706.0,0.0,False
PIRAMALFIN,20240331,con,CON_NOT_SWEPT,1717.0,,,False
PIRAMALFIN,20240630,std,MATCHES_SITE_ROW,1654.0,1654.0,0.0,False
PIRAMALFIN,20240930,std,MATCHES_SITE_ROW,2354.0,2354.0,0.0,False
PIRAMALFIN,20240930,con,CON_NOT_SWEPT,2365.0,,,False
PREMIERENE,20230930,std,MATCHES_SITE_ROW,378.0,378.0,0.0,False
PREMIERENE,20230930,con,CON_NOT_SWEPT,694.0,,,False
PREMIERENE,20231231,std,MATCHES_SITE_ROW,226.0,226.0,0.0,False
PREMIERENE,20231231,con,CON_NOT_SWEPT,712.0,,,False
PREMIERENE,20240630,std,MATCHES_SITE_ROW,339.0,339.0,0.0,False
PREMIERENE,20240630,con,CON_NOT_SWEPT,1657.0,,,False
PWL,20250331,std,MATCHES_SITE_ROW,464.0,464.0,0.0,False
PWL,20250331,con,CON_NOT_SWEPT,610.0,,,False
PWL,20250630,std,MATCHES_SITE_ROW,694.0,694.0,0.0,False
PWL,20250630,con,CON_NOT_SWEPT,847.0,,,False
SAGILITY,20240630,std,MATCHES_SITE_ROW,387.0,387.0,0.0,False
SAGILITY,20240630,con,CON_NOT_SWEPT,1223.0,,,False
SAILIFE,20231231,std,MATCHES_SITE_ROW,373.0,373.0,0.0,False
SAILIFE,20231231,con,CON_NOT_SWEPT,384.0,,,False
SAILIFE,20240331,std,MATCHES_SITE_ROW,428.0,428.0,0.0,False
SAILIFE,20240331,con,CON_NOT_SWEPT,439.0,,,False
SAILIFE,20240630,std,MATCHES_SITE_ROW,264.0,264.0,0.0,False
SAILIFE,20240630,con,CON_NOT_SWEPT,280.0,,,False
SIEMENS,20250331,std,MATCHES_SITE_ROW,3579.0,3579.0,0.0,False
SIEMENS,20250331,con,CON_NOT_SWEPT,4029.0,,,False
SWANCORP,20250331,std,MATCHES_SITE_ROW,42.0,42.0,0.0,False
SWIGGY,20230930,std,MATCHES_SITE_ROW,1548.0,1548.0,0.0,False
SWIGGY,20230930,con,CON_NOT_SWEPT,2763.0,,,False
SYRMA,20250331,con,CON_NOT_SWEPT,924.0,,,False
TARIL,20230930,std,MATCHES_SITE_ROW,254.0,254.0,0.0,False
TARIL,20230930,con,CON_NOT_SWEPT,257.0,,,False
TARIL,20240630,std,MATCHES_SITE_ROW,312.0,312.0,0.0,False
TARIL,20240630,con,CON_NOT_SWEPT,322.0,,,False
TATACAP,20240930,std,MATCHES_SITE_ROW,5428.0,5428.0,0.0,False
TATACAP,20240930,con,CON_NOT_SWEPT,7185.0,,,False
TATACAP,20250630,std,MATCHES_SITE_ROW,5575.0,5575.0,0.0,False
TATACAP,20250630,con,CON_NOT_SWEPT,7665.0,,,False
TATATECH,20230930,std,MATCHES_SITE_ROW,673.0,673.0,0.0,False
TATATECH,20230930,con,CON_NOT_SWEPT,1269.0,,,False
TBOTEK,20230930,std,MATCHES_SITE_ROW,128.0,128.0,0.0,False
TBOTEK,20230930,con,CON_NOT_SWEPT,352.0,,,False
TBOTEK,20231231,std,MATCHES_SITE_ROW,124.0,124.0,0.0,False
TBOTEK,20231231,con,CON_NOT_SWEPT,327.0,,,False
TENNIND,20241231,con,CON_NOT_SWEPT,1125.0,,,False
THELEELA,20240630,std,MATCHES_SITE_ROW,76.0,76.0,0.0,False
THELEELA,20240630,con,CON_NOT_SWEPT,228.0,,,False
THELEELA,20240930,std,MATCHES_SITE_ROW,87.0,87.0,0.0,False
THELEELA,20240930,con,CON_NOT_SWEPT,277.0,,,False
THELEELA,20241231,std,MATCHES_SITE_ROW,99.0,99.0,0.0,False
THELEELA,20241231,con,CON_NOT_SWEPT,370.0,,,False
THELEELA,20250331,std,MATCHES_SITE_ROW,112.0,112.0,0.0,False
THELEELA,20250331,con,CON_NOT_SWEPT,425.0,,,False
TRAVELFOOD,20240630,std,MATCHES_SITE_ROW,299.0,299.0,0.0,False
TRAVELFOOD,20240630,con,CON_NOT_SWEPT,410.0,,,False
URBANCO,20240930,std,MATCHES_SITE_ROW,187.0,187.0,0.0,False
URBANCO,20240930,con,CON_NOT_SWEPT,277.0,,,False
URBANCO,20250331,std,MATCHES_SITE_ROW,203.0,203.0,0.0,False
URBANCO,20250331,con,CON_NOT_SWEPT,298.0,,,False
VMM,20240630,std,MATCHES_SITE_ROW,1668.0,1668.0,0.0,False
VMM,20240630,con,CON_NOT_SWEPT,2596.0,,,False
WAAREEENER,20230930,std,MATCHES_SITE_ROW,3369.0,3369.0,0.0,False
WAAREEENER,20230930,con,CON_NOT_SWEPT,3537.0,,,False
WAAREEENER,20231231,std,MATCHES_SITE_ROW,1421.0,1421.0,0.0,False
WAAREEENER,20231231,con,CON_NOT_SWEPT,1596.0,,,False
WAAREEENER,20240331,std,MATCHES_SITE_ROW,2683.0,2683.0,0.0,False
WAAREEENER,20240331,con,CON_NOT_SWEPT,2936.0,,,False
WAAREEENER,20240630,std,MATCHES_SITE_ROW,3190.0,3190.0,0.0,False
WAAREEENER,20240630,con,CON_NOT_SWEPT,3409.0,,,False
WELSPUNLIV,20230930,con,CON_NOT_SWEPT,2509.0,,,False
ZEEL,20250331,std,MATCHES_SITE_ROW,2004.0,2004.0,0.0,False
ZEEL,20250331,con,CON_NOT_SWEPT,2184.0,,,False
